Title;Category;Platform;Summary;Year of Creation
Hero Rush;Horror;Android;Build your own world, craft tools, and survive in an ever-changing environment.;2023
Battle Worlds;Fighting;Xbox 360;Embark on a thrilling adventure through mysterious lands filled with danger and wonder.;2008
Chrono Force;Shooter;PlayStation 5;Solve intricate puzzles in a world where every decision changes the outcome.;1971
Mystic Chronicles;Fighting;Nintendo Switch;Compete in fast-paced battles with unique characters and powerful abilities.;2024
Mystic Force;Sports;Android;Solve intricate puzzles in a world where every decision changes the outcome.;1978
Dark Worlds;Racing;Wii;Join an elite squad of warriors to protect the realm from invading forces.;1976
Dark Reign;Simulation;Nintendo Switch;Join an elite squad of warriors to protect the realm from invading forces.;2022
Mystic Rush;Action;PlayStation 5;Join an elite squad of warriors to protect the realm from invading forces.;1991
Neo Legacy;RPG;PlayStation 2;Take to the skies in a high-octane flight simulator with realistic physics.;2008
Neo Clash;Simulation;PlayStation 2;Explore haunted locations and uncover terrifying secrets hidden within.;2024
Legend Chronicles;Simulation;Arcade;Build your own world, craft tools, and survive in an ever-changing environment.;2005
Mystic Force;Fighting;PlayStation 5;Fight your way through hordes of enemies in this action-packed shooter.;2006
Final Force;Action;Xbox 360;Explore haunted locations and uncover terrifying secrets hidden within.;1974
Cyber Odyssey;Adventure;iOS;Compete in fast-paced battles with unique characters and powerful abilities.;1973
Battle Run;Horror;Android;Build your own world, craft tools, and survive in an ever-changing environment.;1986
Mystic Force;Shooter;Xbox 360;Compete in fast-paced battles with unique characters and powerful abilities.;1973
Battle Reign;Sports;Wii;Compete in fast-paced battles with unique characters and powerful abilities.;2023
Epic Reign;Platformer;Nintendo DS;Build your own world, craft tools, and survive in an ever-changing environment.;2016
Final Storm;RPG;PlayStation 2;Explore haunted locations and uncover terrifying secrets hidden within.;1970
Neo Force;Puzzle;Nintendo DS;Join an elite squad of warriors to protect the realm from invading forces.;1982
Battle Echoes;RPG;iOS;Race through futuristic tracks with gravity-defying vehicles and power-ups.;1979
Shadow Echoes;Fighting;PC;Fight your way through hordes of enemies in this action-packed shooter.;1973
Dark Worlds;Puzzle;Wii;Fight your way through hordes of enemies in this action-packed shooter.;2017
Cyber Run;Puzzle;PlayStation 2;Fight your way through hordes of enemies in this action-packed shooter.;1999
Star Odyssey;Shooter;PlayStation 5;Fight your way through hordes of enemies in this action-packed shooter.;1996
Galaxy Chronicles;Shooter;Wii;Explore haunted locations and uncover terrifying secrets hidden within.;2012
Final Blade;RPG;iOS;Build your own world, craft tools, and survive in an ever-changing environment.;1987
Cyber Saga;Platformer;iOS;Manage your own city and keep your citizens happy in this engaging simulation.;1991
Shadow Chronicles;Platformer;Xbox Series X;Explore haunted locations and uncover terrifying secrets hidden within.;1974
Galaxy Saga;Horror;PlayStation 5;Join an elite squad of warriors to protect the realm from invading forces.;2000
Hero Worlds;Horror;PC;Fight your way through hordes of enemies in this action-packed shooter.;1998
Chrono Echoes;Puzzle;Android;Explore haunted locations and uncover terrifying secrets hidden within.;1993
Chrono Storm;Platformer;PlayStation 5;Join an elite squad of warriors to protect the realm from invading forces.;1973
Final Odyssey;Sports;PlayStation 5;Embark on a thrilling adventure through mysterious lands filled with danger and wonder.;2023
Star Clash;Shooter;iOS;Race through futuristic tracks with gravity-defying vehicles and power-ups.;1979
Mega Worlds;Action;Xbox Series X;Take to the skies in a high-octane flight simulator with realistic physics.;1981
Battle Quest;Sports;iOS;Solve intricate puzzles in a world where every decision changes the outcome.;1987
Epic Chronicles;Action;Nintendo DS;Compete in fast-paced battles with unique characters and powerful abilities.;1994
Star Saga;Horror;Wii;Take to the skies in a high-octane flight simulator with realistic physics.;2000
Mega Quest;Shooter;Arcade;Fight your way through hordes of enemies in this action-packed shooter.;1982
Legend Strike;Horror;Wii;Compete in fast-paced battles with unique characters and powerful abilities.;1974
Epic Clash;Fighting;PlayStation 2;Manage your own city and keep your citizens happy in this engaging simulation.;2020
Dragon Worlds;RPG;iOS;Fight your way through hordes of enemies in this action-packed shooter.;1994
Battle Legacy;Adventure;Android;Solve intricate puzzles in a world where every decision changes the outcome.;1990
Epic Reign;Shooter;Wii;Manage your own city and keep your citizens happy in this engaging simulation.;2001
Chrono Odyssey;Platformer;Android;Take to the skies in a high-octane flight simulator with realistic physics.;1997
Dark Strike;Simulation;PlayStation 2;Fight your way through hordes of enemies in this action-packed shooter.;1994
Cyber Blade;Shooter;Wii;Solve intricate puzzles in a world where every decision changes the outcome.;1974
Dark Clash;Horror;Xbox Series X;Fight your way through hordes of enemies in this action-packed shooter.;2000
Dark Rush;Shooter;PC;Manage your own city and keep your citizens happy in this engaging simulation.;2021
Cyber Odyssey;Action;Nintendo DS;Explore haunted locations and uncover terrifying secrets hidden within.;1988
Legend Clash;Sports;PC;Explore haunted locations and uncover terrifying secrets hidden within.;1994
Legend Rush;Simulation;Nintendo Switch;Join an elite squad of warriors to protect the realm from invading forces.;1998
Dragon Blade;Simulation;Nintendo Switch;Compete in fast-paced battles with unique characters and powerful abilities.;1972
Legend Echoes;Platformer;Xbox Series X;Explore haunted locations and uncover terrifying secrets hidden within.;1977
Epic Run;RPG;Xbox 360;Embark on a thrilling adventure through mysterious lands filled with danger and wonder.;2022
Epic Legacy;RPG;Wii;Compete in fast-paced battles with unique characters and powerful abilities.;1984
Final Chronicles;Puzzle;Nintendo Switch;Join an elite squad of warriors to protect the realm from invading forces.;1971
Epic Odyssey;RPG;Xbox Series X;Fight your way through hordes of enemies in this action-packed shooter.;1986
Galaxy Storm;Puzzle;PlayStation 2;Join an elite squad of warriors to protect the realm from invading forces.;2014
Legend Strike;Fighting;Wii;Manage your own city and keep your citizens happy in this engaging simulation.;1998
Cyber Strike;Fighting;Nintendo Switch;Explore haunted locations and uncover terrifying secrets hidden within.;1980
Dark Quest;Sports;Nintendo Switch;Explore haunted locations and uncover terrifying secrets hidden within.;2017
Mystic Clash;Simulation;PC;Race through futuristic tracks with gravity-defying vehicles and power-ups.;1988
Legend Worlds;Action;Nintendo DS;Build your own world, craft tools, and survive in an ever-changing environment.;1993
Dragon Clash;Adventure;Wii;Race through futuristic tracks with gravity-defying vehicles and power-ups.;1989
Galaxy Echoes;Horror;Wii;Take to the skies in a high-octane flight simulator with realistic physics.;1988
Cyber Storm;Strategy;Nintendo Switch;Solve intricate puzzles in a world where every decision changes the outcome.;2019
Shadow Storm;Adventure;PlayStation 2;Build your own world, craft tools, and survive in an ever-changing environment.;1986
Legend Rush;Horror;PlayStation 5;Embark on a thrilling adventure through mysterious lands filled with danger and wonder.;1975
Mystic Worlds;Sports;PlayStation 2;Compete in fast-paced battles with unique characters and powerful abilities.;1972
Dark Saga;Platformer;Arcade;Fight your way through hordes of enemies in this action-packed shooter.;1982
Legend Storm;Puzzle;Arcade;Embark on a thrilling adventure through mysterious lands filled with danger and wonder.;2002
Hero Run;Fighting;Xbox 360;Embark on a thrilling adventure through mysterious lands filled with danger and wonder.;1994
Hero Force;Adventure;Wii;Race through futuristic tracks with gravity-defying vehicles and power-ups.;2022
Dragon Chronicles;Fighting;Nintendo Switch;Embark on a thrilling adventure through mysterious lands filled with danger and wonder.;2019
Star Reign;Sports;PlayStation 2;Take to the skies in a high-octane flight simulator with realistic physics.;2006
Shadow Worlds;Platformer;Wii;Manage your own city and keep your citizens happy in this engaging simulation.;1992
Mystic Echoes;Adventure;iOS;Fight your way through hordes of enemies in this action-packed shooter.;2023
Galaxy Strike;Action;Arcade;Explore haunted locations and uncover terrifying secrets hidden within.;2004
Cyber Quest;Fighting;Arcade;Solve intricate puzzles in a world where every decision changes the outcome.;1984
Star Chronicles;Simulation;PC;Manage your own city and keep your citizens happy in this engaging simulation.;2004
Legend Run;Puzzle;iOS;Manage your own city and keep your citizens happy in this engaging simulation.;1976
Cyber Quest;Action;Android;Race through futuristic tracks with gravity-defying vehicles and power-ups.;1992
Galaxy Run;Platformer;iOS;Build your own world, craft tools, and survive in an ever-changing environment.;1985
Neo Rush;Sports;Android;Manage your own city and keep your citizens happy in this engaging simulation.;1992
Chrono Strike;Puzzle;Arcade;Solve intricate puzzles in a world where every decision changes the outcome.;1979
Dragon Echoes;Racing;iOS;Solve intricate puzzles in a world where every decision changes the outcome.;2002
Star Clash;Simulation;Wii;Compete in fast-paced battles with unique characters and powerful abilities.;2006
Battle Rush;Racing;iOS;Fight your way through hordes of enemies in this action-packed shooter.;2003
Neo Worlds;Horror;iOS;Fight your way through hordes of enemies in this action-packed shooter.;2023
Epic Chronicles;Sports;Xbox Series X;Solve intricate puzzles in a world where every decision changes the outcome.;1985
Chrono Blade;Adventure;Xbox 360;Fight your way through hordes of enemies in this action-packed shooter.;2001
Cyber Chronicles;RPG;Wii;Take to the skies in a high-octane flight simulator with realistic physics.;2006
Chrono Chronicles;Shooter;Arcade;Embark on a thrilling adventure through mysterious lands filled with danger and wonder.;1974
Final Clash;RPG;Wii;Race through futuristic tracks with gravity-defying vehicles and power-ups.;1985
Mystic Storm;Adventure;iOS;Race through futuristic tracks with gravity-defying vehicles and power-ups.;1999
Dragon Force;Strategy;Wii;Solve intricate puzzles in a world where every decision changes the outcome.;1993
Dragon Worlds;Shooter;Xbox Series X;Explore haunted locations and uncover terrifying secrets hidden within.;2015
Galaxy Saga;Fighting;Arcade;Race through futuristic tracks with gravity-defying vehicles and power-ups.;2005
